name	provider	filename	source_url	sha256	size_bytes	license	quantization	is_default
tiny	ggerganov/whisper.cpp	ggml-tiny.bin	https://huggingface.co/ggerganov/whisper.cpp/resolve/main/ggml-tiny.bin	be07e048e1e599ad46341c8d2a135645097a538221678b7acdd1b1919c6e1b21	77691713	MIT	f16	1
tiny.en	ggerganov/whisper.cpp	ggml-tiny.en.bin	https://huggingface.co/ggerganov/whisper.cpp/resolve/main/ggml-tiny.en.bin	921e4cf8686fdd993dcd081a5da5b6c365bfde1162e72b08d75ac75289920b1f	77704715	MIT	f16	0
tiny:q5_1	ggerganov/whisper.cpp	ggml-tiny-q5_1.bin	https://huggingface.co/ggerganov/whisper.cpp/resolve/main/ggml-tiny-q5_1.bin	818710568da3ca15689e31a743197b520007872ff9576237bda97bd1b469c3d7	32152673	MIT	q5_1	0
tiny.en:q5_1	ggerganov/whisper.cpp	ggml-tiny.en-q5_1.bin	https://huggingface.co/ggerganov/whisper.cpp/resolve/main/ggml-tiny.en-q5_1.bin	c77c5766f1cef09b6b7d47f21b546cbddd4157886b3b5d6d4f709e91e66c7c2b	32166155	MIT	q5_1	0
base	ggerganov/whisper.cpp	ggml-base.bin	https://huggingface.co/ggerganov/whisper.cpp/resolve/main/ggml-base.bin	60ed5bc3dd14eea856493d334349b405782ddcaf0028d4b5df4088345fba2efe	147951465	MIT	f16	0
base.en	ggerganov/whisper.cpp	ggml-base.en.bin	https://huggingface.co/ggerganov/whisper.cpp/resolve/main/ggml-base.en.bin	a03779c86df3323075f5e796cb2ce5029f00ec8869eee3fdfb897afe36c6d002	147964211	MIT	f16	0
base:q5_1	ggerganov/whisper.cpp	ggml-base-q5_1.bin	https://huggingface.co/ggerganov/whisper.cpp/resolve/main/ggml-base-q5_1.bin	422f1ae452ade6f30a004d7e5c6a43195e4433bc370bf23fac9cc591f01a8898	59707625	MIT	q5_1	0
base.en:q5_1	ggerganov/whisper.cpp	ggml-base.en-q5_1.bin	https://huggingface.co/ggerganov/whisper.cpp/resolve/main/ggml-base.en-q5_1.bin	4baf70dd0d7c4247ba2b81fafd9c01005ac77c2f9ef064e00dcf195d0e2fdd2f	59721011	MIT	q5_1	0
small	ggerganov/whisper.cpp	ggml-small.bin	https://huggingface.co/ggerganov/whisper.cpp/resolve/main/ggml-small.bin	1be3a9b2063867b937e64e2ec7483364a79917e157fa98c5d94b5c1fffea987b	487601967	MIT	f16	0
small.en	ggerganov/whisper.cpp	ggml-small.en.bin	https://huggingface.co/ggerganov/whisper.cpp/resolve/main/ggml-small.en.bin	c6138d6d58ecc8322097e0f987c32f1be8bb0a18532a3f88f734d1bbf9c41e5d	487614201	MIT	f16	0
small:q5_1	ggerganov/whisper.cpp	ggml-small-q5_1.bin	https://huggingface.co/ggerganov/whisper.cpp/resolve/main/ggml-small-q5_1.bin	ae85e4a935d7a567bd102fe55afc16bb595bdb618e11b2fc7591bc08120411bb	190085487	MIT	q5_1	0
small.en:q5_1	ggerganov/whisper.cpp	ggml-small.en-q5_1.bin	https://huggingface.co/ggerganov/whisper.cpp/resolve/main/ggml-small.en-q5_1.bin	bfdff4894dcb76bbf647d56263ea2a96645423f1669176f4844a1bf8e478ad30	190098681	MIT	q5_1	0
medium	ggerganov/whisper.cpp	ggml-medium.bin	https://huggingface.co/ggerganov/whisper.cpp/resolve/main/ggml-medium.bin	6c14d5adee5f86394037b4e4e8b59f1673b6cee10e3cf0b11bbdbee79c156208	1533763059	MIT	f16	0
medium.en	ggerganov/whisper.cpp	ggml-medium.en.bin	https://huggingface.co/ggerganov/whisper.cpp/resolve/main/ggml-medium.en.bin	cc37e93478338ec7700281a7ac30a10128929eb8f427dda2e865faa8f6da4356	1533774781	MIT	f16	0
medium:q5_0	ggerganov/whisper.cpp	ggml-medium-q5_0.bin	https://huggingface.co/ggerganov/whisper.cpp/resolve/main/ggml-medium-q5_0.bin	19fea4b380c3a618ec4723c3eef2eb785ffba0d0538cf43f8f235e7b3b34220f	539212467	MIT	q5_0	0
medium.en:q5_0	ggerganov/whisper.cpp	ggml-medium.en-q5_0.bin	https://huggingface.co/ggerganov/whisper.cpp/resolve/main/ggml-medium.en-q5_0.bin	76733e26ad8fe1c7a5bf7531a9d41917b2adc0f20f2e4f5531688a8c6cd88eb0	539225533	MIT	q5_0	0
large-v3	ggerganov/whisper.cpp	ggml-large-v3.bin	https://huggingface.co/ggerganov/whisper.cpp/resolve/main/ggml-large-v3.bin	64d182b440b98d5203c4f9bd541544d84c605196c4f7b845dfa11fb23594d1e2	3095033483	MIT	f16	0
large-v3:q5_0	ggerganov/whisper.cpp	ggml-large-v3-q5_0.bin	https://huggingface.co/ggerganov/whisper.cpp/resolve/main/ggml-large-v3-q5_0.bin	d75795ecff3f83b5faa89d1900604ad8c780abd5739fae406de19f23ecd98ad1	1081140203	MIT	q5_0	0
large-v3-turbo	ggerganov/whisper.cpp	ggml-large-v3-turbo.bin	https://huggingface.co/ggerganov/whisper.cpp/resolve/main/ggml-large-v3-turbo.bin	1fc70f774d38eb169993ac391eea357ef47c88757ef72ee5943879b7e8e2bc69	1624555275	MIT	f16	0
large-v3-turbo:q5_0	ggerganov/whisper.cpp	ggml-large-v3-turbo-q5_0.bin	https://huggingface.co/ggerganov/whisper.cpp/resolve/main/ggml-large-v3-turbo-q5_0.bin	394221709cd5ad1f40c46e6031ca61bce88931e6e088c188294c6d5a55ffa7e2	574041195	MIT	q5_0	0
tiny.sv	KBLab/kb-whisper-tiny	ggml-tiny.sv.bin	https://huggingface.co/KBLab/kb-whisper-tiny/resolve/main/ggml-model.bin	054187c95948ee0455d428db0c0d6c84d6c6157dab72e86857ced13233118b03	77691730	Apache-2.0	f16	0
tiny.sv:q5_0	KBLab/kb-whisper-tiny	ggml-tiny.sv-q5_0.bin	https://huggingface.co/KBLab/kb-whisper-tiny/resolve/main/ggml-model-q5_0.bin	98d46b7d23e5528d006e8a42e29eb0cb39b44bed94e1329f10f57d1fd15c658b	29875738	Apache-2.0	q5_0	0
base.sv	KBLab/kb-whisper-base	ggml-base.sv.bin	https://huggingface.co/KBLab/kb-whisper-base/resolve/main/ggml-model.bin	f5e3cdb33e537eedfa2a749b5cae28c4c511873a1b13362f87dffbe07891d3fe	147951482	Apache-2.0	f16	0
base.sv:q5_0	KBLab/kb-whisper-base	ggml-base.sv-q5_0.bin	https://huggingface.co/KBLab/kb-whisper-base/resolve/main/ggml-model-q5_0.bin	aead29b356bca8840e72a8dc2286e2d69e6702639751a1e60cb3c8eacefec546	55295450	Apache-2.0	q5_0	0
small.sv	KBLab/kb-whisper-small	ggml-small.sv.bin	https://huggingface.co/KBLab/kb-whisper-small/resolve/main/ggml-model.bin	de6911330cbdc131362f7a955682b65c8a5a2394caba73e7ea821a9822efb8c6	487601984	Apache-2.0	f16	0
small.sv:q5_0	KBLab/kb-whisper-small	ggml-small.sv-q5_0.bin	https://huggingface.co/KBLab/kb-whisper-small/resolve/main/ggml-model-q5_0.bin	6768836a51abc902e420c613153e6d418c90ea2774e913274d02ab23170225b7	175209680	Apache-2.0	q5_0	0
medium.sv	KBLab/kb-whisper-medium	ggml-medium.sv.bin	https://huggingface.co/KBLab/kb-whisper-medium/resolve/main/ggml-model.bin	1b7842bc1c3f79fb3bf043a0a3590961d625a49ef3ccbdceb00e738c5dd8b015	1533763076	Apache-2.0	f16	0
medium.sv:q5_0	KBLab/kb-whisper-medium	ggml-medium.sv-q5_0.bin	https://huggingface.co/KBLab/kb-whisper-medium/resolve/main/ggml-model-q5_0.bin	7f8762e0ade9e0073674c0d5acae942a0b1ea98add9baa008ee89c94eaba43d0	539212484	Apache-2.0	q5_0	0
large.sv	KBLab/kb-whisper-large	ggml-large.sv.bin	https://huggingface.co/KBLab/kb-whisper-large/resolve/main/ggml-model.bin	b66f2dda369a88f6c03fe37326d7cc37aa216f6f34e6fc1be686e497ba9c2f39	3095033483	Apache-2.0	f16	0
large.sv:q5_0	KBLab/kb-whisper-large	ggml-large.sv-q5_0.bin	https://huggingface.co/KBLab/kb-whisper-large/resolve/main/ggml-model-q5_0.bin	6d2863812d7410322bb7d8647a5c7260761300fa946714c9ed66d22bb30bcb19	1081140203	Apache-2.0	q5_0	0
kb-whisper-tiny	KBLab/kb-whisper-tiny	ggml-tiny.sv.bin	https://huggingface.co/KBLab/kb-whisper-tiny/resolve/main/ggml-model.bin	054187c95948ee0455d428db0c0d6c84d6c6157dab72e86857ced13233118b03	77691730	Apache-2.0	f16	0
kb-whisper-tiny:q5_0	KBLab/kb-whisper-tiny	ggml-tiny.sv-q5_0.bin	https://huggingface.co/KBLab/kb-whisper-tiny/resolve/main/ggml-model-q5_0.bin	98d46b7d23e5528d006e8a42e29eb0cb39b44bed94e1329f10f57d1fd15c658b	29875738	Apache-2.0	q5_0	0
kb-whisper-base	KBLab/kb-whisper-base	ggml-base.sv.bin	https://huggingface.co/KBLab/kb-whisper-base/resolve/main/ggml-model.bin	f5e3cdb33e537eedfa2a749b5cae28c4c511873a1b13362f87dffbe07891d3fe	147951482	Apache-2.0	f16	0
kb-whisper-base:q5_0	KBLab/kb-whisper-base	ggml-base.sv-q5_0.bin	https://huggingface.co/KBLab/kb-whisper-base/resolve/main/ggml-model-q5_0.bin	aead29b356bca8840e72a8dc2286e2d69e6702639751a1e60cb3c8eacefec546	55295450	Apache-2.0	q5_0	0
kb-whisper-small	KBLab/kb-whisper-small	ggml-small.sv.bin	https://huggingface.co/KBLab/kb-whisper-small/resolve/main/ggml-model.bin	de6911330cbdc131362f7a955682b65c8a5a2394caba73e7ea821a9822efb8c6	487601984	Apache-2.0	f16	0
kb-whisper-small:q5_0	KBLab/kb-whisper-small	ggml-small.sv-q5_0.bin	https://huggingface.co/KBLab/kb-whisper-small/resolve/main/ggml-model-q5_0.bin	6768836a51abc902e420c613153e6d418c90ea2774e913274d02ab23170225b7	175209680	Apache-2.0	q5_0	0
kb-whisper-medium	KBLab/kb-whisper-medium	ggml-medium.sv.bin	https://huggingface.co/KBLab/kb-whisper-medium/resolve/main/ggml-model.bin	1b7842bc1c3f79fb3bf043a0a3590961d625a49ef3ccbdceb00e738c5dd8b015	1533763076	Apache-2.0	f16	0
kb-whisper-medium:q5_0	KBLab/kb-whisper-medium	ggml-medium.sv-q5_0.bin	https://huggingface.co/KBLab/kb-whisper-medium/resolve/main/ggml-model-q5_0.bin	7f8762e0ade9e0073674c0d5acae942a0b1ea98add9baa008ee89c94eaba43d0	539212484	Apache-2.0	q5_0	0
kb-whisper-large	KBLab/kb-whisper-large	ggml-large.sv.bin	https://huggingface.co/KBLab/kb-whisper-large/resolve/main/ggml-model.bin	b66f2dda369a88f6c03fe37326d7cc37aa216f6f34e6fc1be686e497ba9c2f39	3095033483	Apache-2.0	f16	0
kb-whisper-large:q5_0	KBLab/kb-whisper-large	ggml-large.sv-q5_0.bin	https://huggingface.co/KBLab/kb-whisper-large/resolve/main/ggml-model-q5_0.bin	6d2863812d7410322bb7d8647a5c7260761300fa946714c9ed66d22bb30bcb19	1081140203	Apache-2.0	q5_0	0
